<?xml version="1.0" encoding="utf-8"?>

<scene version="0.5.0" >
	<integrator type="bdpt" >
		<integer name="maxDepth" value="7" />
		<boolean name="strictNormals" value="true" />
	</integrator>
	<sensor type="perspective" >
		<float name="fov" value="19.5" />
		<transform name="toWorld" >
			<matrix value="-1 0 1.50996e-007 -1.05697e-006 0 1 0 1 -1.50996e-007 0 -1 7 0 0 0 1"/>
		</transform>
		<sampler type="independent" >
			<integer name="sampleCount" value="64" />
		</sampler>
		<film type="ldrfilm" >
			<integer name="width" value="1024" />
			<integer name="height" value="1024" />
			<string name="fileFormat" value="png" />
			<string name="pixelFormat" value="rgb" />
			<float name="gamma" value="2.2" />
			<boolean name="banner" value="false" />
			<rfilter type="tent" />
		</film>
	</sensor>
	<bsdf type="twosided" id="LeftWall" >
		<bsdf type="diffuse" >
			<rgb name="reflectance" value="0.63, 0.065, 0.05"/>
		</bsdf>
	</bsdf>
	<bsdf type="twosided" id="RightWall" >
		<bsdf type="diffuse" >
			<rgb name="reflectance" value="0.14, 0.45, 0.091"/>
		</bsdf>
	</bsdf>
	<bsdf type="twosided" id="Floor" >
		<bsdf type="diffuse" >
			<rgb name="reflectance" value="0.725, 0.71, 0.68"/>
		</bsdf>
	</bsdf>
	<bsdf type="twosided" id="Ceiling" >
		<bsdf type="diffuse" >
			<rgb name="reflectance" value="0.725, 0.71, 0.68"/>
		</bsdf>
	</bsdf>
	<bsdf type="twosided" id="BackWall" >
		<bsdf type="diffuse" >
			<rgb name="reflectance" value="0.725, 0.71, 0.68"/>
		</bsdf>
	</bsdf>
	<bsdf type="dielectric" id="Sphere" >
		<float name="intIOR" value="1.5" />
		<float name="extIOR" value="1" />
	</bsdf>
	<bsdf type="twosided" id="Light" >
		<bsdf type="diffuse" >
			<rgb name="reflectance" value="0, 0, 0"/>
		</bsdf>
	</bsdf>
	<shape type="rectangle" >
		<transform name="toWorld" >
			<matrix value="-4.37114e-008 1 4.37114e-008 0 0 -8.74228e-008 2 0 1 4.37114e-008 1.91069e-015 0 0 0 0 1"/>
		</transform>
		<ref id="Floor" />
	</shape>
	<shape type="rectangle" >
		<transform name="toWorld" >
			<matrix value="-1 -7.64274e-015 1.74846e-007 0 -8.74228e-008 8.74228e-008 -2 2 0 -1 -4.37114e-008 0 0 0 0 1"/>
		</transform>
		<ref id="Ceiling" />
	</shape>
	<shape type="rectangle" >
		<transform name="toWorld" >
			<matrix value="1.91069e-015 1 1.31134e-007 0 1 3.82137e-015 -8.74228e-008 1 -4.37114e-008 1.31134e-007 -2 -1 0 0 0 1"/>
		</transform>
		<ref id="BackWall" />
	</shape>
	<shape type="rectangle" >
		<transform name="toWorld" >
			<matrix value="1.91069e-015 1 -4.37114e-008 0 -1 3.82137e-015 -8.74228e-008 1 -4.37114e-008 -4.37114e-008 2 1 0 0 0 1"/>
		</transform>
		<medium type="homogeneous" name="interior" >
			<rgb name="sigmaS" value="1, 1, 1"/>
			<rgb name="sigmaA" value="0, 0, 0"/>
		</medium>
	</shape>
	<shape type="rectangle" >
		<transform name="toWorld" >
			<matrix value="4.37114e-008 0 2 1 1 3.82137e-015 -8.74228e-008 1 -3.82137e-015 1 -1.31134e-007 0 0 0 0 1"/>
		</transform>
		<ref id="RightWall" />
	</shape>
	<shape type="rectangle" >
		<transform name="toWorld" >
			<matrix value="-4.37114e-008 8.74228e-008 -2 -1 1 3.82137e-015 -8.74228e-008 1 0 -1 -4.37114e-008 0 0 0 0 1"/>
		</transform>
		<ref id="LeftWall" />
	</shape>
	<shape type="sphere" >
		<float name="radius" value="0.3" />
		<point name="center" x="-0.22827" y="1.2" z="0.152505" />
		<ref id="Sphere" />
		<medium type="homogeneous" name="exterior" >
			<rgb name="sigmaS" value="1, 1, 1"/>
			<rgb name="sigmaA" value="0, 0, 0"/>
		</medium>
	</shape>
	<shape type="rectangle" >
		<transform name="toWorld" >
			<matrix value="-0.0025 -1.91069e-015 4.37114e-008 -0.005 -2.18557e-010 2.18557e-008 -0.5 1.98 0 -0.002 -8.74228e-011 -0.03 0 0 0 1"/>
		</transform>
		<ref id="Light" />
		<medium type="homogeneous" name="exterior" >
			<rgb name="sigmaS" value="1, 1, 1"/>
			<rgb name="sigmaA" value="0, 0, 0"/>
		</medium>
		<emitter type="area" >
			<rgb name="radiance" value="541127, 381972, 127324"/>
		</emitter>
	</shape>
</scene>
